chunk_id	doc_id	heading	damage_classes	clause_type	chunk_len	text
chunk_00000	policy_1_bharat_suraksha			general	266	BHARAT SURAKSHA MOTOR INSURANCE CO. LTD MOTOR PRIVATE CAR COMPREHENSIVE POLICY WORDINGS Policy Type: Comprehensive Own Damage and Third Party Liability Whereas the insured, by a proposal and declaration dated as stated in the Schedule, has applied to Bharat Suraksha
chunk_00001	policy_1_bharat_suraksha			general	193	Motor Insurance Company Limited (hereinafter referred to as the Company) for the insurance described herein, and has paid the premium stated in the Schedule as consideration for this insurance.
chunk_00002	policy_1_bharat_suraksha	SECTION I. LOSS OF OR DAMAGE TO THE VEHICLE INSURED		coverage	266	SECTION I. LOSS OF OR DAMAGE TO THE VEHICLE INSURED The Company will indemnify the insured against loss or damage to the vehicle insured and its accessories whilst thereon, arising from the following perils: (cid:127) By fire, explosion, self-ignition, or lightning.
chunk_00003	policy_1_bharat_suraksha	SECTION I. LOSS OF OR DAMAGE TO THE VEHICLE INSURED		general	287	[SECTION I. LOSS OF OR DAMAGE TO THE VEHICLE INSURED] (cid:127) By burglary, housebreaking, or theft. (cid:127) By riot and strike. (cid:127) By earthquake, including fire and shock damage. (cid:127) By flood, typhoon, hurricane, storm, tempest, inundation, cyclone, hailstorm, or frost.
chunk_00004	policy_1_bharat_suraksha	SECTION I. LOSS OF OR DAMAGE TO THE VEHICLE INSURED	dent,scratch,crack,broken_lamp	definition	254	[SECTION I. LOSS OF OR DAMAGE TO THE VEHICLE INSURED] (cid:127) By accidental external means, including collision, impact with another vehicle or stationary object, and resulting dents, scratches, cracks, and breakage of lamps or other exterior fittings.
chunk_00005	policy_1_bharat_suraksha	SECTION I. LOSS OF OR DAMAGE TO THE VEHICLE INSURED	scratch	general	349	[SECTION I. LOSS OF OR DAMAGE TO THE VEHICLE INSURED] (cid:127) By malicious act, including intentional scratching, keying, or deliberate damage to exterior panels. (cid:127) By terrorist activity. (cid:127) Whilst in transit by road, rail, inland waterway, lift, elevator, or air. (cid:127) By landslide or rockslide. DEPRECIATION ON REPLACED PARTS
chunk_00006	policy_1_bharat_suraksha	The following depreciation rates apply to parts necessarily replaced:	shattered_glass,flat_tyre	general	230	The following depreciation rates apply to parts necessarily replaced: (cid:127) For all rubber, nylon, plastic parts, tyres, tubes, batteries, and air bags: 50% depreciation. (cid:127) For fibre glass components: 30% depreciation.
chunk_00007	policy_1_bharat_suraksha	The following depreciation rates apply to parts necessarily replaced:	shattered_glass	general	362	[The following depreciation rates apply to parts necessarily replaced:] (cid:127) For all parts made of glass, including windscreen, rear windscreen, and door windows: Nil depreciation applies. The full replacement cost is recoverable. (cid:127) For all other parts including wooden parts: depreciation as per the schedule below. Age of Vehicle % of Depreciation
chunk_00008	policy_1_bharat_suraksha	The following depreciation rates apply to parts necessarily replaced:		sub_limit	369	[The following depreciation rates apply to parts necessarily replaced:] Age of Vehicle % of Depreciation Not exceeding 6 months Nil Exceeding 6 months but not exceeding 1 year 5% Exceeding 1 year but not exceeding 2 years 10% Exceeding 2 years but not exceeding 3 years 15% Exceeding 3 years but not exceeding 4 years 25% Exceeding 4 years but not exceeding 5 years 35%
chunk_00009	policy_1_bharat_suraksha	The following depreciation rates apply to parts necessarily replaced:		sub_limit	260	[The following depreciation rates apply to parts necessarily replaced:] Exceeding 5 years but not exceeding 10 years 40% Exceeding 10 years 50% Rate of Depreciation for Painting: A depreciation rate of 50% is applied only on the material cost of total painting
chunk_00010	policy_1_bharat_suraksha	The following depreciation rates apply to parts necessarily replaced:	flat_tyre	condition	326	[The following depreciation rates apply to parts necessarily replaced:] charges. In the case of a consolidated bill, the material component is deemed to be 25% of total painting charges. TYRE AND TUBE DAMAGE Damage to tyres and tubes is covered subject to a deduction of 50% of the cost of replacement, but only if the vehicle
chunk_00011	policy_1_bharat_suraksha	The following depreciation rates apply to parts necessarily replaced:	flat_tyre	exclusion	271	[The following depreciation rates apply to parts necessarily replaced:] insured has also sustained damage at the same time. Where the vehicle has not been damaged simultaneously, tyre and tube damage alone is not recoverable under this section. EXCLUSIONS UNDER SECTION I
chunk_00012	policy_1_bharat_suraksha	The Company shall not be liable to make any payment in respect of:		exclusion	66	The Company shall not be liable to make any payment in respect of:
chunk_00013	policy_1_bharat_suraksha	The Company shall not be liable to make any payment in respect of:		exclusion	246	[The Company shall not be liable to make any payment in respect of:] 1. Consequential loss, depreciation, wear and tear, or mechanical and electrical breakdown, failures, or breakages, even where such breakdown results in external visible damage.
chunk_00014	policy_1_bharat_suraksha	The Company shall not be liable to make any payment in respect of:	dent,scratch	exclusion	273	[The Company shall not be liable to make any payment in respect of:] 2. Dents, scratches, or panel damage arising solely from gradual deterioration, road vibration over time, or corrosion, rather than from a specific identifiable accidental event covered under this policy.
chunk_00015	policy_1_bharat_suraksha	The Company shall not be liable to make any payment in respect of:	scratch	exclusion	207	[The Company shall not be liable to make any payment in respect of:] 3. Scratch or abrasion damage attributable to routine car washing, polishing, or normal servicing activities, classified as wear and tear.
chunk_00016	policy_1_bharat_suraksha	The Company shall not be liable to make any payment in respect of:	crack	exclusion	213	[The Company shall not be liable to make any payment in respect of:] 4. Cracks in the dashboard, door trims, or interior plastic components from thermal expansion or contraction due to ambient temperature changes.
chunk_00017	policy_1_bharat_suraksha	The Company shall not be liable to make any payment in respect of:	dent,broken_lamp	exclusion	226	[The Company shall not be liable to make any payment in respect of:] 5. Lamp failure due to bulb burnout, filament failure, or electrical fault, without any accompanying physical impact or breakage of the lamp housing or lens.
chunk_00018	policy_1_bharat_suraksha	The Company shall not be liable to make any payment in respect of:	broken_lamp	exclusion	181	[The Company shall not be liable to make any payment in respect of:] 6. Condensation or fogging inside lamp assemblies not accompanied by physical damage to the lamp housing itself.
chunk_00019	policy_1_bharat_suraksha	The Company shall not be liable to make any payment in respect of:	scratch,crack,shattered_glass	exclusion	211	[The Company shall not be liable to make any payment in respect of:] 7. Windscreen scratches or minor surface marks on glass that do not constitute a break, crack, or chip impairing the driver's field of vision.
chunk_00020	policy_1_bharat_suraksha	The Company shall not be liable to make any payment in respect of:	flat_tyre	exclusion	198	[The Company shall not be liable to make any payment in respect of:] 8. Tyre wear and tread depth below the legal minimum limit, or damage arising from driving on tyres in an unroadworthy condition.
chunk_00021	policy_1_bharat_suraksha	The Company shall not be liable to make any payment in respect of:	flat_tyre	exclusion	204	[The Company shall not be liable to make any payment in respect of:] 9. Tyre or tube damage when the vehicle was being operated outside the geographical area specified in the Schedule at the time of loss.
chunk_00022	policy_1_bharat_suraksha	The Company shall not be liable to make any payment in respect of:		exclusion	220	[The Company shall not be liable to make any payment in respect of:] 10. Loss or damage arising from contractual liability or arising out of use of the vehicle otherwise than in accordance with the Limitations as to Use.
chunk_00023	policy_1_bharat_suraksha	The Company shall not be liable to make any payment in respect of:		exclusion	227	[The Company shall not be liable to make any payment in respect of:] 11. Any loss or damage sustained whilst the insured or driver was under the influence of intoxicating liquor or drugs. BHARAT SURAKSHA MOTOR INSURANCE CO. LTD
chunk_00024	policy_1_bharat_suraksha	SECTION II. SUM INSURED AND INSURED DECLARED VALUE (IDV)		sub_limit	292	SECTION II. SUM INSURED AND INSURED DECLARED VALUE (IDV) The Insured Declared Value (IDV) of the vehicle shall be the Sum Insured for the purpose of this policy, fixed at policy commencement based on the manufacturer's listed selling price adjusted for depreciation as per the schedule below:
chunk_00025	policy_1_bharat_suraksha	SECTION II. SUM INSURED AND INSURED DECLARED VALUE (IDV)		sub_limit	356	[SECTION II. SUM INSURED AND INSURED DECLARED VALUE (IDV)] Age of Vehicle % of Depreciation Not exceeding 6 months 5% Exceeding 6 months but not exceeding 1 year 15% Exceeding 1 year but not exceeding 2 years 20% Exceeding 2 years but not exceeding 3 years 30% Exceeding 3 years but not exceeding 4 years 40% Exceeding 4 years but not exceeding 5 years 50%
chunk_00026	policy_1_bharat_suraksha	SECTION II. SUM INSURED AND INSURED DECLARED VALUE (IDV)		sub_limit	194	[SECTION II. SUM INSURED AND INSURED DECLARED VALUE (IDV)] The insured vehicle shall be treated as a Constructive Total Loss if the aggregate cost of retrieval and repair exceeds 75% of the IDV.
chunk_00027	policy_1_bharat_suraksha	SECTION III. DEDUCTIBLE		sub_limit	277	SECTION III. DEDUCTIBLE The Company shall not be liable for the first Rs. 1,000 of each and every claim under Section I of this policy. This deductible applies to each occurrence independently, including occurrences giving rise to a Total Loss or Constructive Total Loss claim.
chunk_00028	policy_1_bharat_suraksha	SECTION IV. THIRD PARTY LIABILITY		coverage	273	SECTION IV. THIRD PARTY LIABILITY Subject to the limits of liability in the Schedule, the Company will indemnify the insured against all sums the insured becomes legally liable to pay in respect of death of or bodily injury to any person, or damage to third-party property,
chunk_00029	policy_1_bharat_suraksha	SECTION IV. THIRD PARTY LIABILITY		exclusion	322	[SECTION IV. THIRD PARTY LIABILITY] caused by or arising from use of the vehicle, as required under the Motor Vehicles Act. Provided always that the Company shall not be liable for death, injury, or property damage arising beyond the limits of any public carriageway in connection with loading or unloading of the vehicle.
chunk_00030	policy_1_bharat_suraksha	SECTION V. ADD-ON COVERS		coverage	295	SECTION V. ADD-ON COVERS Add-On 1: Nil Depreciation Cover (Zero Dep) In the event of a partial loss claim, no depreciation deduction shall apply to the cost of parts replaced, subject to payment of additional premium. This cover is available for vehicles not exceeding 5 years from date of first
chunk_00031	policy_1_bharat_suraksha	SECTION V. ADD-ON COVERS	flat_tyre	coverage	301	[SECTION V. ADD-ON COVERS] registration. Add-On 2: Roadside Assistance Emergency towing assistance is provided up to 50 km free of charge in the event of accident or breakdown. Flat tyre replacement using the vehicle's stepney is included. Fuel delivery of up to 5 litres is chargeable at actual cost.
chunk_00032	policy_1_bharat_suraksha	SECTION V. ADD-ON COVERS		coverage	283	[SECTION V. ADD-ON COVERS] Add-On 3: Engine Protection Cover Consequential damage to engine parts and gearbox components arising from water ingression due to flood or inundation is covered under this add-on, subject to the claim under Section I being admissible and the vehicle being
chunk_00033	policy_1_bharat_suraksha	SECTION V. ADD-ON COVERS		coverage	289	[SECTION V. ADD-ON COVERS] retrieved from the waterlogged area within 72 hours. Exclusion under Engine Protection: Damage to engine or gearbox arising from delay in intimation, from driving the vehicle after it has ingested water, or from gradual corrosion of engine parts, is not covered.
chunk_00034	policy_1_bharat_suraksha	A No Claim Bonus discount is applicable on Own Damage premium at renewal:		exclusion	284	A No Claim Bonus discount is applicable on Own Damage premium at renewal: Claim History NCB Discount on OD Premium 1 claim-free year 20% 2 consecutive claim-free years 25% 3 consecutive claim-free years 35% 4 consecutive claim-free years 45% 5 or more consecutive claim-free years 50%
chunk_00035	policy_1_bharat_suraksha	A No Claim Bonus discount is applicable on Own Damage premium at renewal:		exclusion	160	[A No Claim Bonus discount is applicable on Own Damage premium at renewal:] NCB reverts to 0% at the next renewal if any claim is made during the policy period.
chunk_00036	policy_1_bharat_suraksha	SECTION VII. GENERAL CONDITIONS		general	223	[SECTION VII. GENERAL CONDITIONS] 1. The insured must give immediate written notice to the Company upon the occurrence of any accidental loss or damage. In the case of theft, immediate notice to the police is also required.
chunk_00037	policy_1_bharat_suraksha	SECTION VII. GENERAL CONDITIONS		general	152	[SECTION VII. GENERAL CONDITIONS] 2. No admission, offer, or promise of payment shall be made by the insured without the written consent of the Company.
chunk_00038	policy_1_bharat_suraksha	SECTION VII. GENERAL CONDITIONS		general	152	[SECTION VII. GENERAL CONDITIONS] 3. The insured shall take all reasonable steps to safeguard the vehicle from further loss or damage after an accident.
chunk_00039	policy_1_bharat_suraksha	SECTION VII. GENERAL CONDITIONS		coverage	195	[SECTION VII. GENERAL CONDITIONS] 4. If a dispute arises as to the quantum payable under this policy, the matter shall be referred to arbitration under the Arbitration and Conciliation Act, 1996.
chunk_00040	policy_1_bharat_suraksha	SECTION VII. GENERAL CONDITIONS		condition	171	[SECTION VII. GENERAL CONDITIONS] 5. The due observance of all terms, conditions, and endorsements of this policy is a condition precedent to any liability of the Company.
chunk_00041	policy_1_bharat_suraksha	SECTION VIII. CLAIM PROCEDURE		general	249	SECTION VIII. CLAIM PROCEDURE (cid:127) Intimate the claim to the Company within 48 hours of the incident. (cid:127) Do not move or repair the vehicle until a surveyor has been appointed, except for essential emergency repairs not exceeding Rs. 500.
chunk_00042	policy_1_bharat_suraksha	SECTION VIII. CLAIM PROCEDURE		general	242	[SECTION VIII. CLAIM PROCEDURE] exceeding Rs. 500. (cid:127) Submit completed claim form, RC copy, driving licence, FIR (if applicable), and repair estimate. (cid:127) Payment will be made within 7 working days of completion of documentation.
chunk_00043	policy_1_bharat_suraksha	SECTION IX. GENERAL EXCEPTIONS		coverage	266	SECTION IX. GENERAL EXCEPTIONS This policy does not cover loss, damage, or liability arising from nuclear weapons, ionising radiation, war, invasion, civil war, mutiny, or warlike operations. Claims where the vehicle was being used outside the permitted geographical
chunk_00044	policy_1_bharat_suraksha	SECTION IX. GENERAL EXCEPTIONS		exclusion	332	[SECTION IX. GENERAL EXCEPTIONS] area, or in violation of the Driver's Clause, are also excluded. Insurance is the subject matter of solicitation. Please read all terms and conditions carefully. This is a synthetic specimen policy issued for educational and research purposes only and does not constitute a valid insurance contract.
chunk_00045	policy_2_safedrive_assurance			coverage	247	SAFEDRIVE ASSURANCE CORPORATION PRIVATE MOTOR VEHICLE OWN DAMAGE POLICY Standalone Own Damage Cover with Nil Depreciation Add-On This policy document sets out the full terms and conditions of the insurance contract between the insured named in the
chunk_00046	policy_2_safedrive_assurance			general	138	Schedule and SafeDrive Assurance Corporation. The Schedule, this document, and any endorsements together form the entire policy agreement.
chunk_00047	policy_2_safedrive_assurance	We will pay for physical loss or damage to your vehicle caused by:		coverage	291	We will pay for physical loss or damage to your vehicle caused by: (cid:127) Fire, explosion, lightning, or self-ignition. (cid:127) Theft, burglary, or housebreaking. (cid:127) Riots, strikes, or civil disturbance. (cid:127) Earthquake, flood, cyclone, hailstorm, or other natural calamity.
chunk_00048	policy_2_safedrive_assurance	We will pay for physical loss or damage to your vehicle caused by:	dent,scratch	coverage	342	[We will pay for physical loss or damage to your vehicle caused by:] (cid:127) Physical impact damage caused by collision with another vehicle, animal, or fixed object, resulting in dents to panels, bumpers, or wheel arches. (cid:127) Surface damage including paint and body abrasions arising from collision, intentional acts, or contact with
chunk_00049	policy_2_safedrive_assurance	We will pay for physical loss or damage to your vehicle caused by:	dent,crack	coverage	276	[We will pay for physical loss or damage to your vehicle caused by:] abrasive surfaces where an identifiable accidental event can be established. (cid:127) Structural fractures to body panels, bumpers, and exterior trim resulting from impact, collision, or accidental contact.
chunk_00050	policy_2_safedrive_assurance	We will pay for physical loss or damage to your vehicle caused by:	dent,broken_lamp,shattered_glass	coverage	354	[We will pay for physical loss or damage to your vehicle caused by:] contact. (cid:127) Damage to lighting units including headlamp assemblies, tail lamp clusters, fog lamps, indicator units, and reflectors, caused by impact or accident. (cid:127) Windscreen, rear windscreen, and door window glass damage - glass is covered at nil depreciation. The full
chunk_00051	policy_2_safedrive_assurance	We will pay for physical loss or damage to your vehicle caused by:	shattered_glass	coverage	296	[We will pay for physical loss or damage to your vehicle caused by:] cost of windscreen replacement is payable without any deduction for the age of the vehicle. (cid:127) Landslide or rockslide. (cid:127) Transit damage during transportation by road, rail, or sea. PART A1. GLASS COVERAGE DETAILS
chunk_00052	policy_2_safedrive_assurance	We will pay for physical loss or damage to your vehicle caused by:	shattered_glass	coverage	330	[We will pay for physical loss or damage to your vehicle caused by:] PART A1. GLASS COVERAGE DETAILS Glass components of the vehicle including the front windscreen, rear windscreen, quarter glass panels, and door windows are covered without any depreciation deduction regardless of vehicle age. This means the full invoice cost of
chunk_00053	policy_2_safedrive_assurance	We will pay for physical loss or damage to your vehicle caused by:	shattered_glass	coverage	134	[We will pay for physical loss or damage to your vehicle caused by:] glass replacement at an authorised service centre is recoverable.
chunk_00054	policy_2_safedrive_assurance	What is NOT covered under glass:	shattered_glass	coverage	212	What is NOT covered under glass: (cid:127) Internal rear-view mirror glass that is not part of the vehicle's main glazing. (cid:127) Sunroof and panoramic roof glass, unless specifically endorsed on the Schedule.
chunk_00055	policy_2_safedrive_assurance	What is NOT covered under glass:	scratch,shattered_glass	coverage	327	[What is NOT covered under glass:] (cid:127) Superficial glass scratches or micro-abrasions that do not constitute a break or chip. (cid:127) Glass damage sustained while the vehicle is in commercial transit not covered under this policy. (cid:127) Tinted film or protective coatings applied to glass after vehicle manufacture.
chunk_00056	policy_2_safedrive_assurance	What is NOT covered under glass:	shattered_glass,flat_tyre	coverage	293	[What is NOT covered under glass:] PART A2. TYRE COVERAGE DETAILS Tyre damage is covered subject to a deduction of 50% of the cost of replacement of the damaged tyre and tube. This cover applies only if the vehicle itself has also sustained damage in the same incident. Stand-alone tyre claims
chunk_00057	policy_2_safedrive_assurance	What is NOT covered under glass:	dent,shattered_glass	coverage	93	[What is NOT covered under glass:] without concurrent vehicle body damage are not admissible.
chunk_00058	policy_2_safedrive_assurance	What is NOT covered for tyres:	crack,flat_tyre	coverage	220	What is NOT covered for tyres: (cid:127) Tyre wear, sidewall cracking from age, or tread depth below 1.6mm (legal minimum). (cid:127) Damage to run-flat tyres used beyond the manufacturer's specified zero-pressure range.
chunk_00059	policy_2_safedrive_assurance	What is NOT covered for tyres:	flat_tyre	coverage	250	[What is NOT covered for tyres:] (cid:127) Tyre damage when the vehicle was being used for illegal racing, rallying, or off-road purposes not permitted under the policy. (cid:127) Damage to tyre valves alone, without accompanying tyre or tube damage.
chunk_00060	policy_2_safedrive_assurance	What is NOT covered for tyres:	flat_tyre	coverage	158	[What is NOT covered for tyres:] (cid:127) Gradual deterioration of tyre compound from UV exposure, ozone degradation, or age. SAFEDRIVE ASSURANCE CORPORATION
chunk_00061	policy_2_safedrive_assurance	PART B. NIL DEPRECIATION ADD-ON (INCLUDED IN THIS POLICY)		sub_limit	287	PART B. NIL DEPRECIATION ADD-ON (INCLUDED IN THIS POLICY) This policy includes Nil Depreciation cover as a standard feature for vehicles not exceeding 3 years from the date of first registration. For vehicles aged 3 to 5 years, a 75% waiver of applicable depreciation is provided. No nil
chunk_00062	policy_2_safedrive_assurance	PART B. NIL DEPRECIATION ADD-ON (INCLUDED IN THIS POLICY)		sub_limit	293	[PART B. NIL DEPRECIATION ADD-ON (INCLUDED IN THIS POLICY)] depreciation benefit is available for vehicles older than 5 years. Age of Vehicle % of Depreciation Vehicle age up to 3 years Nil depreciation (100% parts cost recoverable) Vehicle age 3 to 5 years 75% waiver of standard depreciation
chunk_00063	policy_2_safedrive_assurance	PART B. NIL DEPRECIATION ADD-ON (INCLUDED IN THIS POLICY)		sub_limit	135	[PART B. NIL DEPRECIATION ADD-ON (INCLUDED IN THIS POLICY)] Vehicle age exceeding 5 years Standard depreciation applies as per schedule
chunk_00064	policy_2_safedrive_assurance	The following are excluded from this policy:		exclusion	44	The following are excluded from this policy:
chunk_00065	policy_2_safedrive_assurance	The following are excluded from this policy:		exclusion	199	[The following are excluded from this policy:] 1. Consequential financial loss, loss of use, or reduction in market value of the vehicle following an accident, even if the physical damage is covered.
chunk_00066	policy_2_safedrive_assurance	The following are excluded from this policy:	dent,scratch	exclusion	215	[The following are excluded from this policy:] 2. Panel dents, scratches, or marks arising from gradual accumulation of minor incidents over time where no single identifiable accident can be attributed as the cause.
chunk_00067	policy_2_safedrive_assurance	The following are excluded from this policy:	scratch	exclusion	172	[The following are excluded from this policy:] 3. Scratch damage resulting from routine washing and cleaning activities of the vehicle, classified under fair wear and tear.
chunk_00068	policy_2_safedrive_assurance	The following are excluded from this policy:	crack	exclusion	176	[The following are excluded from this policy:] 4. Cracks in engine mountings, chassis members, or structural frame components arising from metal fatigue or prolonged vibration.
chunk_00069	policy_2_safedrive_assurance	The following are excluded from this policy:	broken_lamp	exclusion	202	[The following are excluded from this policy:] 5. Lamp malfunction due to electrical failure, water ingression through an undamaged seal, or simple bulb failure without physical damage to the lamp body.
chunk_00070	policy_2_safedrive_assurance	The following are excluded from this policy:	broken_lamp	exclusion	194	[The following are excluded from this policy:] 6. Corrosion of lamp housings or lighting units from long-term exposure to the elements, classified as deterioration rather than accidental damage.
chunk_00071	policy_2_safedrive_assurance	The following are excluded from this policy:	dent,broken_lamp,shattered_glass	exclusion	188	[The following are excluded from this policy:] 7. Glass haze, delamination, or yellowing of polycarbonate headlamp covers from UV exposure over time, not caused by a specific impact event.
chunk_00072	policy_2_safedrive_assurance	The following are excluded from this policy:	flat_tyre	exclusion	158	[The following are excluded from this policy:] 8. Damage to tyres used beyond their rated load index or speed rating as specified by the vehicle manufacturer.
chunk_00073	policy_2_safedrive_assurance	The following are excluded from this policy:	flat_tyre	exclusion	184	[The following are excluded from this policy:] 9. Any claim where the vehicle was driven with a tyre already known to be flat or significantly underinflated at the time of the journey.
chunk_00074	policy_2_safedrive_assurance	The following are excluded from this policy:		exclusion	209	[The following are excluded from this policy:] 10. Mechanical or electrical breakdown of any component, including the engine, gearbox, suspension, or braking system, unless caused directly by an insured peril.
chunk_00075	policy_2_safedrive_assurance	PART D. INSURED DECLARED VALUE (IDV)		sub_limit	288	PART D. INSURED DECLARED VALUE (IDV) Your vehicle's IDV represents the maximum we will pay in the event of a total loss or theft. It is calculated at the start of the policy using the manufacturer's list price reduced by depreciation based on vehicle age: Age of Vehicle % of Depreciation
chunk_00076	policy_2_safedrive_assurance	PART D. INSURED DECLARED VALUE (IDV)		sub_limit	336	[PART D. INSURED DECLARED VALUE (IDV)] Age of Vehicle % of Depreciation Not exceeding 6 months 5% Exceeding 6 months but not exceeding 1 year 15% Exceeding 1 year but not exceeding 2 years 20% Exceeding 2 years but not exceeding 3 years 30% Exceeding 3 years but not exceeding 4 years 40% Exceeding 4 years but not exceeding 5 years 50%
chunk_00077	policy_2_safedrive_assurance	PART D. INSURED DECLARED VALUE (IDV)		sub_limit	118	[PART D. INSURED DECLARED VALUE (IDV)] A claim will be settled as Total Loss if the cost of repair exceeds 75% of IDV.
chunk_00078	policy_2_safedrive_assurance	PART E. DEDUCTIBLE		sub_limit	283	PART E. DEDUCTIBLE You are responsible for the first Rs. 2,000 of each own damage claim under Part A of this policy. This compulsory excess applies per occurrence. An optional voluntary excess of Rs. 1,000, Rs. 2,000, or Rs. 5,000 may be selected at inception for a premium discount.
chunk_00079	policy_2_safedrive_assurance	PART F. NO CLAIM BONUS		exclusion	252	PART F. NO CLAIM BONUS Claim History NCB at Renewal NCB if Claim Made 0 claims in preceding year 20% 0% 0 claims in preceding 2 years 25% 0% 0 claims in preceding 3 years 35% 0% 0 claims in preceding 4 years 45% 0% 0 claims in preceding 5+ years 50% 0%
chunk_00080	policy_2_safedrive_assurance	PART G. HOW TO MAKE A CLAIM		general	273	PART G. HOW TO MAKE A CLAIM (cid:127) Contact our 24-hour claims helpline within 24 hours of the incident. (cid:127) Do not authorise repairs above Rs. 500 without our written approval. (cid:127) Submit your claim form, vehicle documents, and repair estimate within 7 days.
chunk_00081	policy_2_safedrive_assurance	PART G. HOW TO MAKE A CLAIM		general	104	[PART G. HOW TO MAKE A CLAIM] (cid:127) Payment is processed within 5 working days of survey completion.
chunk_00082	policy_2_safedrive_assurance	PART H. GENERAL EXCEPTIONS		coverage	241	PART H. GENERAL EXCEPTIONS This policy does not cover any loss arising from: war, nuclear risk, use of vehicle in violation of permit conditions, driving without a valid licence, or use of the vehicle outside the permitted geographical area.
chunk_00083	policy_2_safedrive_assurance	PART H. GENERAL EXCEPTIONS		general	171	[PART H. GENERAL EXCEPTIONS] This is a synthetic specimen policy document created for research and educational purposes. It does not constitute a valid insurance contract.
chunk_00084	policy_3_quickclaim_general			coverage	270	QUICKCLAIM GENERAL INSURANCE LIMITED MOTOR VEHICLE PACKAGE POLICY - SCHEDULE OF TERMS AND CONDITIONS Comprehensive Own Damage and Compulsory Third Party Cover The insured, having submitted a duly completed proposal form, is hereby granted insurance by QuickClaim General
chunk_00085	policy_3_quickclaim_general			exclusion	199	Insurance Limited, subject to the terms, exclusions, conditions, and limitations set forth herein. The Schedule attached forms an integral part of this contract. OPERATIVE CLAUSE - OWN DAMAGE SECTION
chunk_00086	policy_3_quickclaim_general			coverage	149	OPERATIVE CLAUSE - OWN DAMAGE SECTION The Company undertakes to indemnify the insured in respect of accidental loss or damage to the vehicle insured,
chunk_00087	policy_3_quickclaim_general	arising from and directly caused by the following events during the policy period:		general	274	arising from and directly caused by the following events during the policy period: (cid:127) Fire, self-ignition, lightning, explosion. (cid:127) Theft, robbery, or wrongful abstraction. (cid:127) Riot, strike, or civil commotion. (cid:127) Earthquake fire and shock damage.
chunk_00088	policy_3_quickclaim_general	arising from and directly caused by the following events during the policy period:	dent	general	377	[arising from and directly caused by the following events during the policy period:] (cid:127) Flood, cyclone, hurricane, inundation, hailstorm. (cid:127) Damage arising from accidental contact with another vehicle or stationary object, resulting in deformation of body panels, wheel arches, bumpers, and associated exterior surfaces. This includes dents of all sizes caused by
chunk_00089	policy_3_quickclaim_general	arising from and directly caused by the following events during the policy period:	scratch	general	345	[arising from and directly caused by the following events during the policy period:] such contact. (cid:127) Damage arising from contact with abrasive surfaces or deliberate acts amounting to malicious mischief, where an act by an identifiable third party can be established and where the damage manifests as surface scratches or paint abrasion.
chunk_00090	policy_3_quickclaim_general	arising from and directly caused by the following events during the policy period:	dent,scratch,crack	general	351	[arising from and directly caused by the following events during the policy period:] scratches or paint abrasion. (cid:127) Damage to plastic, composite, or metal components resulting in fracture or structural breach, caused directly by impact from an insured peril, specifically including cracks to bumpers, wheel arch liners, door panels, and sills.
chunk_00091	policy_3_quickclaim_general	arising from and directly caused by the following events during the policy period:	dent,crack,broken_lamp,shattered_glass	general	379	[arising from and directly caused by the following events during the policy period:] and sills. (cid:127) Destruction or breakage of headlamps, tail lamps, indicator assemblies, and auxiliary lamps caused directly by mechanical impact during an insured event. (cid:127) Shattering, cracking, or breaking of any glass component of the vehicle, including the front windscreen, rear
chunk_00092	policy_3_quickclaim_general	arising from and directly caused by the following events during the policy period:	shattered_glass,flat_tyre	general	288	[arising from and directly caused by the following events during the policy period:] windscreen, and side door glass. Glass is indemnified at actual replacement cost without depreciation deduction. (cid:127) Landslide, rockslide. (cid:127) Transit damage. SPECIAL CONDITIONS - TYRE DAMAGE
chunk_00093	policy_3_quickclaim_general	arising from and directly caused by the following events during the policy period:	flat_tyre	coverage	350	[arising from and directly caused by the following events during the policy period:] SPECIAL CONDITIONS - TYRE DAMAGE Loss or damage to tyres and inner tubes is covered subject to a deduction of 50% of the cost of replacement, provided that the vehicle insured has sustained concurrent physical damage in the same incident. Coverage under this clause
chunk_00094	policy_3_quickclaim_general	arising from and directly caused by the following events during the policy period:		exclusion	339	[arising from and directly caused by the following events during the policy period:] is conditional upon the simultaneous presence of other admissible damage to the vehicle body. SCHEDULE OF EXCLUDED LOSSES AND LIABILITIES Notwithstanding the operative clause above, the Company shall in no event be liable under this policy for any of the
chunk_00095	policy_3_quickclaim_general	A. Exclusions Relating to Panel and Body Damage	dent	exclusion	230	A. Exclusions Relating to Panel and Body Damage A1. Dents or deformations of body panels arising from metal fatigue, long-term vibration stress, or corrosion from within, even where the resulting deformation is externally visible.
chunk_00096	policy_3_quickclaim_general	A. Exclusions Relating to Panel and Body Damage	dent,scratch	exclusion	349	[A. Exclusions Relating to Panel and Body Damage] A2. Panel damage attributable to overloading of the vehicle beyond the manufacturer's gross vehicle weight rating, where such overloading is the proximate cause. A3. Dents or scratches on body components that existed prior to the inception of this policy, as documented in the pre-inspection report.
chunk_00097	policy_3_quickclaim_general	A. Exclusions Relating to Panel and Body Damage	dent	exclusion	338	[A. Exclusions Relating to Panel and Body Damage] pre-inspection report. A4. Cosmetic marks or shallow surface scuffs on bumpers caused by parking in proximity to kerb stones during normal driving, classified as unavoidable wear. A5. Body damage arising from manufacturer recall campaigns or factory defects, recoverable instead under the
chunk_00098	policy_3_quickclaim_general	B. Exclusions Relating to Scratch and Paint Damage	scratch	exclusion	198	B. Exclusions Relating to Scratch and Paint Damage B1. Scratches and paint damage from automated car wash equipment, hand washing with abrasive materials, or application of improper cleaning agents.
chunk_00099	policy_3_quickclaim_general	B. Exclusions Relating to Scratch and Paint Damage	scratch	exclusion	324	[B. Exclusions Relating to Scratch and Paint Damage] B2. Fade, oxidation, or chalking of paintwork from prolonged UV exposure or environmental pollutants, constituting gradual deterioration. B3. Paint damage arising from bird droppings, tree sap, or industrial fallout, not caused by a sudden and identifiable insured event.
chunk_00100	policy_3_quickclaim_general	B. Exclusions Relating to Scratch and Paint Damage	scratch	exclusion	344	[B. Exclusions Relating to Scratch and Paint Damage] insured event. B4. Scratches on internally fitted surfaces, door sills, or boot lids from loading and unloading of goods by the insured. B5. Any scratch or paint damage not reported to the Company within 30 days of occurrence, unless the insured provides written justification for the delay.
chunk_00101	policy_3_quickclaim_general	C. Exclusions Relating to Cracks	crack,shattered_glass	exclusion	232	C. Exclusions Relating to Cracks C1. Hairline cracks in laminated safety glass that do not progress into full fractures and do not impair the driver's field of vision as defined in Rule 100 of the Central Motor Vehicles Rules, 1989.
chunk_00102	policy_3_quickclaim_general	C. Exclusions Relating to Cracks	dent,crack	exclusion	241	[C. Exclusions Relating to Cracks] C2. Cracks in engine block, cylinder head, or other internal mechanical components, even where resulting from an external impact, unless such impact is also separately claimed under the body damage section.
chunk_00103	policy_3_quickclaim_general	C. Exclusions Relating to Cracks	crack	exclusion	293	[C. Exclusions Relating to Cracks] C3. Cracks in dashboard, door card, or interior trim materials from heat, UV exposure, or age-related embrittlement. C4. Fractures to tow bar attachments, roof rack fittings, or aftermarket accessories not listed in the original manufacturer's specification.
chunk_00104	policy_3_quickclaim_general	C. Exclusions Relating to Cracks	crack	exclusion	233	[C. Exclusions Relating to Cracks] manufacturer's specification. C5. Stress cracks in the vehicle chassis or monocoque arising from prolonged use on uneven roads, classified as structural fatigue. QUICKCLAIM GENERAL INSURANCE LIMITED
chunk_00105	policy_3_quickclaim_general	D. Exclusions Relating to Lamp Damage	broken_lamp	exclusion	227	D. Exclusions Relating to Lamp Damage D1. Failure of lamp units due to electrical faults in the vehicle wiring, including short circuits, voltage spikes, or faulty relays, without concurrent physical damage to the lamp housing.
chunk_00106	policy_3_quickclaim_general	D. Exclusions Relating to Lamp Damage	broken_lamp	exclusion	335	[D. Exclusions Relating to Lamp Damage] D2. Lamp damage arising from thermal stress caused by the use of non-OEM replacement bulbs with wattage exceeding the manufacturer's specification. D3. Damage to interior cabin lighting, instrument cluster lighting, or decorative LED strips not forming part of the vehicle's regulatory lighting.
chunk_00107	policy_3_quickclaim_general	D. Exclusions Relating to Lamp Damage	dent,broken_lamp	exclusion	323	[D. Exclusions Relating to Lamp Damage] vehicle's regulatory lighting. D4. Discolouration, cloudiness, or UV hazing of polycarbonate headlamp covers, not resulting from a specific impact event. D5. Lamp assembly damage to vehicles modified for commercial hire or rental use, contrary to the permitted use under this policy.
chunk_00108	policy_3_quickclaim_general	E. Exclusions Relating to Glass Damage	shattered_glass	exclusion	295	E. Exclusions Relating to Glass Damage E1. Glass damage sustained on vehicles being transported as commercial cargo, unless transit is specifically endorsed on the Schedule. E2. Replacement or repair of tinted films, UV filters, or decorative coatings applied to glass surfaces post-manufacture.
chunk_00109	policy_3_quickclaim_general	E. Exclusions Relating to Glass Damage	dent,scratch,shattered_glass	exclusion	262	[E. Exclusions Relating to Glass Damage] E3. Sunroof or glass roof panel damage unless specifically included by endorsement in the Schedule. E4. Microscopic surface scratches on tempered side glass that do not impair visibility or constitute a structural breach.
chunk_00110	policy_3_quickclaim_general	E. Exclusions Relating to Glass Damage	shattered_glass	exclusion	217	[E. Exclusions Relating to Glass Damage] E5. Glass repair (as distinct from replacement) where the repaired area exceeds the diameter threshold specified in the Surveyor's Guidelines issued by IRDAI from time to time.
chunk_00111	policy_3_quickclaim_general	F. Exclusions Relating to Tyre Damage	flat_tyre	exclusion	249	F. Exclusions Relating to Tyre Damage F1. Tyre damage occurring when the vehicle is operated outside the permitted geographical area stated in the Schedule. F2. Destruction of tyres from illegal motor racing, rallying, or competitive driving events.
chunk_00112	policy_3_quickclaim_general	F. Exclusions Relating to Tyre Damage	flat_tyre	exclusion	263	[F. Exclusions Relating to Tyre Damage] F3. Tyre valve stem damage alone, without accompanying damage to the tyre carcass, bead, or inner tube. F4. Damage to run-flat tyres operated beyond zero-pressure range exceeding the manufacturer's specified distance limit.
chunk_00113	policy_3_quickclaim_general	F. Exclusions Relating to Tyre Damage	flat_tyre	exclusion	321	[F. Exclusions Relating to Tyre Damage] limit. F5. Tyre damage resulting from driving over road conditions that the insured was aware of before commencing the journey. DEDUCTIBLE The insured shall bear the first Rs. 1,500 of each and every own damage claim. This compulsory deductible is not insurable. IDV AND TOTAL LOSS
chunk_00114	policy_3_quickclaim_general	F. Exclusions Relating to Tyre Damage	flat_tyre	exclusion	319	[F. Exclusions Relating to Tyre Damage] insurable. IDV AND TOTAL LOSS Age of Vehicle % of Depreciation Not exceeding 6 months 5% Exceeding 6 months but not exceeding 1 year 15% Exceeding 1 year but not exceeding 2 years 20% Exceeding 2 years but not exceeding 3 years 30% Exceeding 3 years but not exceeding 4 years 40%
chunk_00115	policy_3_quickclaim_general	F. Exclusions Relating to Tyre Damage	flat_tyre	exclusion	279	[F. Exclusions Relating to Tyre Damage] Exceeding 4 years but not exceeding 5 years 50% Total Loss is declared when repair cost exceeds 75% of IDV. CLAIM INTIMATION Intimation of any claim must be made to the Company within 48 hours of the occurrence. Failure to comply with this
chunk_00116	policy_3_quickclaim_general	F. Exclusions Relating to Tyre Damage	flat_tyre	exclusion	210	[F. Exclusions Relating to Tyre Damage] condition may prejudice the insured's entitlement to indemnity. This is a synthetic specimen policy for research and educational use only. Not a valid insurance contract.
chunk_00117	policy_4_autoguard_premium			coverage	225	AUTOGUARD PREMIUM INSURANCE SERVICES LTD AUTOGUARD PREMIUM MOTOR POLICY Own Damage with Full Cover Add-On Suite AutoGuard Premium Insurance Services Ltd agrees to insure the vehicle described in the Schedule against the risks
chunk_00118	policy_4_autoguard_premium			general	83	specified in this document, for the period shown, in exchange for the premium paid.
chunk_00119	policy_4_autoguard_premium	CHAPTER 1. COVERED EVENTS - OWN DAMAGE		coverage	274	CHAPTER 1. COVERED EVENTS - OWN DAMAGE The following events are covered under this policy, subject to the terms, exclusions, and sub-limits defined in Chapter 3: Event Coverage detail Applies to Fire and allied perils Fire, explosion, lightning, self-ignition All components
chunk_00120	policy_4_autoguard_premium	CHAPTER 1. COVERED EVENTS - OWN DAMAGE	dent,scratch	coverage	328	[CHAPTER 1. COVERED EVENTS - OWN DAMAGE] Theft Burglary, housebreaking, theft Whole vehicle Natural calamity Flood, cyclone, earthquake, hailstorm All components Dents to panels, bumpers, arches from collision or Bodily damage from impact object impact Exterior body panels Paint abrasion and exterior scratches from accident or
chunk_00121	policy_4_autoguard_premium	CHAPTER 1. COVERED EVENTS - OWN DAMAGE	dent,scratch,crack,broken_lamp,shattered_glass	coverage	335	[CHAPTER 1. COVERED EVENTS - OWN DAMAGE] Paint and surface damage vandalism Exterior surfaces Panel fractures Cracks to bumpers, door panels, trims from impact Exterior components Headlamps, tail lamps, fog lamps, indicators broken All lamps and Lighting assembly damage by impact reflectors Windscreen, rear screen, side windows - nil
chunk_00122	policy_4_autoguard_premium	CHAPTER 1. COVERED EVENTS - OWN DAMAGE	shattered_glass,flat_tyre	coverage	192	[CHAPTER 1. COVERED EVENTS - OWN DAMAGE] Glass damage depreciation All vehicle glazing At 50% of replacement cost if concurrent vehicle Tyre and tube damage damage present Tyres and tubes only
chunk_00123	policy_4_autoguard_premium	CHAPTER 2. DEPRECIATION SCHEDULE		sub_limit	297	CHAPTER 2. DEPRECIATION SCHEDULE Standard depreciation applies to parts replaced, except where the Nil Depreciation Add-On (Chapter 5) applies: Age of Vehicle % of Depreciation Not exceeding 6 months Nil Exceeding 6 months but not exceeding 1 year 5% Exceeding 1 year but not exceeding 2 years 10%
chunk_00124	policy_4_autoguard_premium	CHAPTER 2. DEPRECIATION SCHEDULE	shattered_glass	sub_limit	330	[CHAPTER 2. DEPRECIATION SCHEDULE] Exceeding 2 years but not exceeding 3 years 15% Exceeding 3 years but not exceeding 4 years 25% Exceeding 4 years but not exceeding 5 years 35% Exceeding 5 years but not exceeding 10 years 40% Exceeding 10 years 50% Glass components carry nil depreciation as standard, regardless of vehicle age.
chunk_00125	policy_4_autoguard_premium	3.1 Panel and Dent Exclusions	dent	exclusion	198	3.1 Panel and Dent Exclusions (cid:127) Dents arising from hail where the vehicle was left uncovered in an open area against a forecast severe weather warning issued by the meteorological authority.
chunk_00126	policy_4_autoguard_premium	3.1 Panel and Dent Exclusions	dent	exclusion	304	[3.1 Panel and Dent Exclusions] (cid:127) Panel damage resulting from the vehicle being used to tow a load exceeding the manufacturer's towing capacity specification. (cid:127) Dents or deformations on fuel filler caps, aerial housings, or other minor projections not forming part of the main body panel.
chunk_00127	policy_4_autoguard_premium	3.1 Panel and Dent Exclusions	dent	exclusion	294	[3.1 Panel and Dent Exclusions] body panel. (cid:127) Body panel damage from shopping trolley impact in private parking facilities where the insured had parked against the facility's instructions. (cid:127) Pre-existing dents and panel deformations recorded in the pre-policy inspection report.
chunk_00128	policy_4_autoguard_premium	3.2 Scratch Exclusions	scratch	exclusion	249	3.2 Scratch Exclusions (cid:127) Scratches from improper car wash technique, including dry wiping or use of coarse sponges, constituting owner-induced damage. (cid:127) Paint keying or scratching by the insured or members of the insured's household.
chunk_00129	policy_4_autoguard_premium	3.2 Scratch Exclusions	scratch	exclusion	314	[3.2 Scratch Exclusions] (cid:127) Surface marks on plastic bumpers from minor parking manoeuvres. (cid:127) Scratches inside the vehicle load bay or boot area from carrying luggage or goods. (cid:127) Chemical etching from bird lime, insect residue, or industrial fallout. AUTOGUARD PREMIUM INSURANCE SERVICES LTD
chunk_00130	policy_4_autoguard_premium	3.3 Crack Exclusions	crack	exclusion	286	3.3 Crack Exclusions (cid:127) Cracks in the engine block, cylinder head, or differential casing, unless caused by a primary accidental external event that is separately claimed. (cid:127) Cracks in interior plastic trim, dashboard, or door card material from thermal or UV degradation.
chunk_00131	policy_4_autoguard_premium	3.3 Crack Exclusions	crack	exclusion	316	[3.3 Crack Exclusions] (cid:127) Stress fractures in suspension components from prolonged use on poor roads. (cid:127) Cracks in aftermarket bodywork additions, spoilers, or ground effects kits not part of the manufacturer's original specification. (cid:127) Fractures in tow bars or roof-mounted cycle or ski racks.
chunk_00132	policy_4_autoguard_premium	3.4 Lamp Exclusions	broken_lamp	exclusion	259	3.4 Lamp Exclusions (cid:127) Electrical failure of lamp control modules or LED drivers without physical damage to the lamp housing or lens. (cid:127) Damage to decorative or customisation lighting not forming part of the vehicle's regulatory lighting system.
chunk_00133	policy_4_autoguard_premium	3.4 Lamp Exclusions	broken_lamp	exclusion	233	[3.4 Lamp Exclusions] (cid:127) DRL (Daytime Running Light) malfunction not associated with an accident. (cid:127) Lamp damage on a second vehicle involved in the same incident, payable instead from the third-party liability section.
chunk_00134	policy_4_autoguard_premium	3.4 Lamp Exclusions	broken_lamp	exclusion	130	[3.4 Lamp Exclusions] section. (cid:127) Corrosion of lamp contacts or connectors from moisture ingress through an undamaged seal.
chunk_00135	policy_4_autoguard_premium	3.5 Glass Exclusions	shattered_glass	exclusion	252	3.5 Glass Exclusions (cid:127) Glass damage on a vehicle registered as a commercial goods carrier under a different class of insurance. (cid:127) Tinting films, privacy glass coatings, or heat-rejection treatments applied to the original vehicle glass.
chunk_00136	policy_4_autoguard_premium	3.5 Glass Exclusions	scratch,shattered_glass	exclusion	312	[3.5 Glass Exclusions] (cid:127) Laminated windscreen separation or delamination from age or manufacturing defect, recoverable under warranty. (cid:127) Sunroof glass breakage unless the Sunroof Add-On is endorsed on the Schedule. (cid:127) Glass scratches from windscreen wiper blades operating on a dry screen.
chunk_00137	policy_4_autoguard_premium	3.6 Tyre Exclusions	flat_tyre	exclusion	262	3.6 Tyre Exclusions (cid:127) Tyre damage from deliberate spiked road obstacles (road spikes) in a disputed ownership or legal proceeding situation. (cid:127) Damage to speciality or competition tyres not approved for road use under Central Motor Vehicles Rules.
chunk_00138	policy_4_autoguard_premium	3.6 Tyre Exclusions	flat_tyre	exclusion	301	[3.6 Tyre Exclusions] (cid:127) Tyre damage from use of incorrect tyre size not conforming to vehicle type approval. (cid:127) Gradual loss of tyre pressure from micro-porosity without a definable puncture event. (cid:127) Damage to tyre foam inserts or run-flat inserts not covered as standard tyres.
chunk_00139	policy_4_autoguard_premium	CHAPTER 4. DEDUCTIBLE AND IDV		sub_limit	293	CHAPTER 4. DEDUCTIBLE AND IDV Compulsory deductible: Rs. 2,500 per claim occurrence. Optional voluntary deductible: Rs. 2,500 / Rs. 5,000 / Rs. 10,000 for corresponding premium discount. Age of Vehicle % of Depreciation Not exceeding 6 months 5% Exceeding 6 months but not exceeding 1 year 15%
chunk_00140	policy_4_autoguard_premium	CHAPTER 4. DEDUCTIBLE AND IDV		sub_limit	222	[CHAPTER 4. DEDUCTIBLE AND IDV] Exceeding 1 year but not exceeding 2 years 20% Exceeding 2 years but not exceeding 3 years 30% Exceeding 3 years but not exceeding 4 years 40% Exceeding 4 years but not exceeding 5 years 50%
chunk_00141	policy_4_autoguard_premium	CHAPTER 5. PREMIUM ADD-ON COVERS		coverage	250	CHAPTER 5. PREMIUM ADD-ON COVERS Add-On A: Nil Depreciation Available for vehicles up to 5 years old. No depreciation is charged on parts replaced during a partial loss claim, subject to maximum two claims per policy year. Add-On B: Return to Invoice
chunk_00142	policy_4_autoguard_premium	CHAPTER 5. PREMIUM ADD-ON COVERS		coverage	270	[CHAPTER 5. PREMIUM ADD-ON COVERS] Add-On B: Return to Invoice In the event of Total Loss or theft with no recovery, the claim is settled at the original on-road price (ex-showroom plus taxes and registration) rather than the depreciated IDV. Add-On C: Consumables Cover
chunk_00143	policy_4_autoguard_premium	CHAPTER 5. PREMIUM ADD-ON COVERS		coverage	286	[CHAPTER 5. PREMIUM ADD-ON COVERS] Add-On C: Consumables Cover Consumable items including engine oil, coolant, AC gas, nuts, bolts, and sealants replaced during an admissible partial loss repair are covered, subject to a limit of 1% of IDV or 5% of the claim amount, whichever is lower.
chunk_00144	policy_4_autoguard_premium	CHAPTER 6. CLAIMS		general	241	CHAPTER 6. CLAIMS (cid:127) Intimate within 24 hours at our helpline or via the mobile app. (cid:127) A virtual survey option is available for claims under Rs. 30,000. (cid:127) Cashless repair available at 4,200+ network garages nationwide.
chunk_00145	policy_4_autoguard_premium	CHAPTER 6. CLAIMS		general	183	[CHAPTER 6. CLAIMS] (cid:127) Claim decision within 5 working days of survey completion. Synthetic specimen policy - research and educational use only. Not a valid insurance contract.
chunk_00146	policy_5_valuemotor			coverage	243	VALUEMOTOR COMPREHENSIVE INSURANCE LTD VALUEMOTOR COMPREHENSIVE MOTOR POLICY Affordable Comprehensive Own Damage and Third Party Cover Thank you for choosing ValueMotor Comprehensive Insurance. This document explains what is and is not covered
chunk_00147	policy_5_valuemotor			general	61	under your policy. Please read it carefully and keep it safe.
chunk_00148	policy_5_valuemotor	Your vehicle is covered for loss or damage caused by:		coverage	257	Your vehicle is covered for loss or damage caused by: (cid:127) Fire, explosion, or lightning strike. (cid:127) Theft or attempted theft. (cid:127) Riots, strikes, or acts of terrorism. (cid:127) Natural disasters: floods, cyclones, earthquakes, hailstorms.
chunk_00149	policy_5_valuemotor	Your vehicle is covered for loss or damage caused by:	dent,scratch	coverage	350	[Your vehicle is covered for loss or damage caused by:] (cid:127) Accidental collision or impact - loss or damage caused by your vehicle colliding with another vehicle or object, resulting in dents to the vehicle body, bumpers, or wheel arches. (cid:127) Cosmetic damage from accident or vandalism - scratching, keying, or paint abrasion caused by an
chunk_00150	policy_5_valuemotor	Your vehicle is covered for loss or damage caused by:	dent,crack	coverage	258	[Your vehicle is covered for loss or damage caused by:] identifiable accidental or malicious event. (cid:127) Cracking or fracturing of exterior components by accidental means - this includes cracks in bumpers, door panels, trims, and sills caused by impact.
chunk_00151	policy_5_valuemotor	Your vehicle is covered for loss or damage caused by:	dent,broken_lamp,shattered_glass	coverage	326	[Your vehicle is covered for loss or damage caused by:] (cid:127) Breakage of headlight, taillight, or indicator units by accident or collision during the policy period. (cid:127) Glass damage without depreciation deduction - your windscreen, rear windscreen, and door windows are covered at full replacement cost as standard.
chunk_00152	policy_5_valuemotor	Your vehicle is covered for loss or damage caused by:	flat_tyre	coverage	274	[Your vehicle is covered for loss or damage caused by:] (cid:127) Tyre and tube damage at 50% of replacement cost, only when the vehicle has also been damaged in the same incident. (cid:127) Damage in transit by road, rail, or water. (cid:127) Landslide or rockslide damage.
chunk_00153	policy_5_valuemotor	Your vehicle is covered for loss or damage caused by:	shattered_glass	coverage	326	[Your vehicle is covered for loss or damage caused by:] 2. HOW DEPRECIATION WORKS When a part is replaced, we deduct a percentage for depreciation based on your vehicle's age, except for glass (always nil depreciation): Age of Vehicle % of Depreciation Not exceeding 6 months Nil Exceeding 6 months but not exceeding 1 year 5%
chunk_00154	policy_5_valuemotor	Your vehicle is covered for loss or damage caused by:		coverage	318	[Your vehicle is covered for loss or damage caused by:] Exceeding 1 year but not exceeding 2 years 10% Exceeding 2 years but not exceeding 3 years 15% Exceeding 3 years but not exceeding 4 years 25% Exceeding 4 years but not exceeding 5 years 35% Exceeding 5 years but not exceeding 10 years 40% Exceeding 10 years 50%
chunk_00155	policy_5_valuemotor	Your vehicle is covered for loss or damage caused by:	shattered_glass,flat_tyre	coverage	220	[Your vehicle is covered for loss or damage caused by:] Exceeding 10 years 50% Rubber, plastic, tyre, battery, and airbag parts: always 50% deduction. Glass parts: always nil deduction. You get the full replacement cost.
chunk_00156	policy_5_valuemotor	These situations are excluded from your ValueMotor policy:		exclusion	58	These situations are excluded from your ValueMotor policy:
chunk_00157	policy_5_valuemotor	3.1 General exclusions		exclusion	266	3.1 General exclusions (cid:127) Wear and tear, gradual deterioration, or mechanical and electrical breakdown. (cid:127) Damage caused while the driver was under the influence of alcohol or drugs. (cid:127) Loss outside the geographical area stated in your Schedule.
chunk_00158	policy_5_valuemotor	3.1 General exclusions		exclusion	144	[3.1 General exclusions] (cid:127) Use of the vehicle in violation of your permit conditions. (cid:127) Driving without a valid driving licence.
chunk_00159	policy_5_valuemotor	3.2 Dent and body panel exclusions	dent	exclusion	275	3.2 Dent and body panel exclusions (cid:127) Dents caused by you or a family member driving the vehicle deliberately into a gate, pillar, or fixed structure. (cid:127) Panel deformations from overloading the vehicle's roof, boot, or tow bar beyond the permitted weight limit.
chunk_00160	policy_5_valuemotor	3.2 Dent and body panel exclusions	dent,crack	exclusion	275	[3.2 Dent and body panel exclusions] (cid:127) Pre-existing dents noted at pre-policy inspection and documented in the Inspection Report at policy inception. (cid:127) Dents in the vehicle's undercarriage, floor pan, or chassis members that are not visible from the exterior.
chunk_00161	policy_5_valuemotor	3.2 Dent and body panel exclusions	dent	exclusion	171	[3.2 Dent and body panel exclusions] (cid:127) Minor parking contact marks on bumpers from very low-speed manoeuvres in private parking where no reportable event occurred.
chunk_00162	policy_5_valuemotor	3.3 Scratch and paint exclusions	scratch	exclusion	201	3.3 Scratch and paint exclusions (cid:127) Paint scratches from automatic car wash equipment with worn or dirty brushes. (cid:127) Surface oxidation, paint fade, or chalking from prolonged UV exposure.
chunk_00163	policy_5_valuemotor	3.3 Scratch and paint exclusions	scratch	exclusion	246	[3.3 Scratch and paint exclusions] (cid:127) Chemical paint damage from acid rain, industrial fallout, or bird droppings not linked to a sudden identifiable event. (cid:127) Boot lid or sill scratches from loading and unloading luggage and goods.
chunk_00164	policy_5_valuemotor	3.3 Scratch and paint exclusions	scratch	exclusion	173	[3.3 Scratch and paint exclusions] (cid:127) Scratch damage to the interior of the vehicle including seats, dashboard, and door cards. VALUEMOTOR COMPREHENSIVE INSURANCE LTD
chunk_00165	policy_5_valuemotor	3.4 Crack exclusions	dent,crack,shattered_glass	exclusion	297	3.4 Crack exclusions (cid:127) Cracks in the engine block or cylinder head, unless arising directly and solely from an insured external impact covered under Section 1. (cid:127) Hairline cracks in laminated glass that do not impair the driver's vision and do not develop into full fractures within
chunk_00166	policy_5_valuemotor	3.4 Crack exclusions	crack	exclusion	293	[3.4 Crack exclusions] the policy period. (cid:127) Cracks in aftermarket accessories or non-standard body additions. (cid:127) Dashboard or interior trim panel cracks from heat, UV, or age-related material degradation. (cid:127) Fractures in tow ball assemblies, roof bars, or cycle carriers.
chunk_00167	policy_5_valuemotor	3.5 Lamp exclusions	broken_lamp	exclusion	223	3.5 Lamp exclusions (cid:127) Lamp failure from bulb burnout, filament failure, or blown fuse, without any physical damage to the lamp body or lens. (cid:127) Condensation damage to lamp internals through an undamaged seal.
chunk_00168	policy_5_valuemotor	3.5 Lamp exclusions	broken_lamp	exclusion	310	[3.5 Lamp exclusions] (cid:127) Lighting modifications or aftermarket lights not approved by the manufacturer. (cid:127) Corrosion of lamp connector pins or wiring from moisture over time. (cid:127) Damage to daytime running lights (DRL) or ambient interior lighting not forming part of the vehicle's mandatory
chunk_00169	policy_5_valuemotor	3.6 Glass exclusions	shattered_glass	exclusion	201	3.6 Glass exclusions (cid:127) Sunroof glass damage unless specifically endorsed on your Schedule. (cid:127) Replacement of tinted privacy film, UV coating, or decorative film applied to vehicle glass.
chunk_00170	policy_5_valuemotor	3.6 Glass exclusions	scratch,shattered_glass	exclusion	247	[3.6 Glass exclusions] (cid:127) Windscreen wiper-induced scratches on tempered glass where the wiper blade was damaged or worn at the time. (cid:127) Glass damage on a vehicle declared as a commercial vehicle or hired-out vehicle in the Schedule.
chunk_00171	policy_5_valuemotor	3.6 Glass exclusions	crack,shattered_glass	exclusion	161	[3.6 Glass exclusions] (cid:127) Repair-only windscreen claims where the chip or crack is small and repairable rather than requiring full windscreen replacement.
chunk_00172	policy_5_valuemotor	3.7 Tyre exclusions	crack,flat_tyre	exclusion	223	3.7 Tyre exclusions (cid:127) Tyre deterioration, tread wear, or sidewall cracking from age and use. (cid:127) Tyre damage when the vehicle was driven knowingly on a flat or underinflated tyre for a distance exceeding 2 km.
chunk_00173	policy_5_valuemotor	3.7 Tyre exclusions	dent,flat_tyre	exclusion	228	[3.7 Tyre exclusions] (cid:127) Damage to non-standard tyres, including competition tyres or oversized tyres not conforming to the vehicle's type approval. (cid:127) Tyre valve cap or core damage alone, without tyre body damage.
chunk_00174	policy_5_valuemotor	3.7 Tyre exclusions	flat_tyre	exclusion	129	[3.7 Tyre exclusions] (cid:127) Tyre damage from use of the vehicle in rallying, track days, or any competitive motorsport event.
chunk_00175	policy_5_valuemotor	3.7 Tyre exclusions	flat_tyre	exclusion	184	[3.7 Tyre exclusions] 4. YOUR EXCESS (DEDUCTIBLE) You pay the first Rs. 1,000 of each claim. This is your compulsory excess. You cannot insure this amount with us or any other insurer.
chunk_00176	policy_5_valuemotor	3.7 Tyre exclusions	flat_tyre	exclusion	277	[3.7 Tyre exclusions] 5. INSURED DECLARED VALUE AND TOTAL LOSS The IDV is your vehicle's sum insured. It is based on the manufacturer's ex-showroom price reduced for age: Age of Vehicle % of Depreciation Not exceeding 6 months 5% Exceeding 6 months but not exceeding 1 year 15%
chunk_00177	policy_5_valuemotor	3.7 Tyre exclusions	flat_tyre	exclusion	212	[3.7 Tyre exclusions] Exceeding 1 year but not exceeding 2 years 20% Exceeding 2 years but not exceeding 3 years 30% Exceeding 3 years but not exceeding 4 years 40% Exceeding 4 years but not exceeding 5 years 50%
chunk_00178	policy_5_valuemotor	3.7 Tyre exclusions	flat_tyre	exclusion	151	[3.7 Tyre exclusions] If your repair cost exceeds 75% of the IDV, we will settle your claim as a Total Loss and pay you the IDV less any salvage value.
chunk_00179	policy_5_valuemotor	3.7 Tyre exclusions	flat_tyre	exclusion	246	[3.7 Tyre exclusions] 6. NO CLAIM BONUS Your claim history Your NCB discount 1 claim-free year 20% 2 claim-free years 25% 3 claim-free years 35% 4 claim-free years 45% 5+ claim-free years 50% Your NCB resets to 0% if you make a claim in any year.
chunk_00180	policy_5_valuemotor	3.7 Tyre exclusions	flat_tyre	exclusion	288	[3.7 Tyre exclusions] 7. HOW TO CLAIM (cid:127) Call our helpline or use the app within 24 hours of the accident. (cid:127) Take photos of the damage before moving the vehicle if it is safe to do so. (cid:127) Get a repair estimate from a garage and share it with us before repairs start.
chunk_00181	policy_5_valuemotor	3.7 Tyre exclusions	flat_tyre	exclusion	163	[3.7 Tyre exclusions] (cid:127) We aim to complete survey and approve repairs within 2 working days. (cid:127) Cashless repair is available at our network garages.
chunk_00182	policy_5_valuemotor	3.7 Tyre exclusions	flat_tyre	exclusion	283	[3.7 Tyre exclusions] 8. THIRD PARTY COVER We provide compulsory third-party liability cover as required by the Motor Vehicles Act. This covers you for legal liability arising from death of or injury to a third party, or damage to third-party property, caused by use of your vehicle.
chunk_00183	policy_5_valuemotor	3.7 Tyre exclusions	flat_tyre	exclusion	220	[3.7 Tyre exclusions] 9. GENERAL EXCEPTIONS This policy does not cover any claim arising from war, nuclear risk, use of the vehicle in violation of permit conditions, or operation outside the specified geographical area.
chunk_00184	policy_5_valuemotor	3.7 Tyre exclusions	flat_tyre	exclusion	208	[3.7 Tyre exclusions] This is a synthetic specimen policy document created for AI research and educational purposes only. This document does not constitute a valid, binding, or enforceable insurance contract.
